W,0x00000000,0x00000001
W,0x00000190,0x00000001
W,0x00000320,0x00000000
W,0x00000004,0x00000002
W,0x00000194,0x00000000
W,0x00000324,0x00000000
W,0x00000008,0x00000003
W,0x00000198,0x00000000
W,0x00000328,0x00000000
W,0x0000000c,0x00000004
W,0x0000019c,0x00000000
W,0x0000032c,0x00000000
W,0x00000010,0x00000005
W,0x000001a0,0x00000000
W,0x00000330,0x00000000
W,0x00000014,0x00000006
W,0x000001a4,0x00000000
W,0x00000334,0x00000000
W,0x00000018,0x00000007
W,0x000001a8,0x00000000
W,0x00000338,0x00000000
W,0x0000001c,0x00000008
W,0x000001ac,0x00000000
W,0x0000033c,0x00000000
W,0x00000020,0x00000009
W,0x000001b0,0x00000000
W,0x00000340,0x00000000
W,0x00000024,0x0000000a
W,0x000001b4,0x00000000
W,0x00000344,0x00000000
W,0x00000028,0x0000000b
W,0x000001b8,0x00000000
W,0x00000348,0x00000000
W,0x0000002c,0x0000000c
W,0x000001bc,0x00000001
W,0x0000034c,0x00000000
W,0x00000030,0x0000000d
W,0x000001c0,0x00000000
W,0x00000350,0x00000000
W,0x00000034,0x0000000e
W,0x000001c4,0x00000000
W,0x00000354,0x00000000
W,0x00000038,0x0000000f
W,0x000001c8,0x00000000
W,0x00000358,0x00000000
W,0x0000003c,0x00000010
W,0x000001cc,0x00000000
W,0x0000035c,0x00000000
W,0x00000040,0x00000011
W,0x000001d0,0x00000000
W,0x00000360,0x00000000
W,0x00000044,0x00000012
W,0x000001d4,0x00000000
W,0x00000364,0x00000000
W,0x00000048,0x00000013
W,0x000001d8,0x00000000
W,0x00000368,0x00000000
W,0x0000004c,0x00000014
W,0x000001dc,0x00000000
W,0x0000036c,0x00000000
W,0x00000050,0x00000015
W,0x000001e0,0x00000000
W,0x00000370,0x00000000
W,0x00000054,0x00000016
W,0x000001e4,0x00000000
W,0x00000374,0x00000000
W,0x00000058,0x00000017
W,0x000001e8,0x00000001
W,0x00000378,0x00000000
W,0x0000005c,0x00000018
W,0x000001ec,0x00000000
W,0x0000037c,0x00000000
W,0x00000060,0x00000019
W,0x000001f0,0x00000000
W,0x00000380,0x00000000
W,0x00000064,0x0000001a
W,0x000001f4,0x00000000
W,0x00000384,0x00000000
W,0x00000068,0x0000001b
W,0x000001f8,0x00000000
W,0x00000388,0x00000000
W,0x0000006c,0x0000001c
W,0x000001fc,0x00000000
W,0x0000038c,0x00000000
W,0x00000070,0x0000001d
W,0x00000200,0x00000000
W,0x00000390,0x00000000
W,0x00000074,0x0000001e
W,0x00000204,0x00000000
W,0x00000394,0x00000000
W,0x00000078,0x0000001f
W,0x00000208,0x00000000
W,0x00000398,0x00000000
W,0x0000007c,0x00000020
W,0x0000020c,0x00000000
W,0x0000039c,0x00000000
W,0x00000080,0x00000021
W,0x00000210,0x00000000
W,0x000003a0,0x00000000
W,0x00000084,0x00000022
W,0x00000214,0x00000001
W,0x000003a4,0x00000000
W,0x00000088,0x00000023
W,0x00000218,0x00000000
W,0x000003a8,0x00000000
W,0x0000008c,0x00000024
W,0x0000021c,0x00000000
W,0x000003ac,0x00000000
W,0x00000090,0x00000025
W,0x00000220,0x00000000
W,0x000003b0,0x00000000
W,0x00000094,0x00000026
W,0x00000224,0x00000000
W,0x000003b4,0x00000000
W,0x00000098,0x00000027
W,0x00000228,0x00000000
W,0x000003b8,0x00000000
W,0x0000009c,0x00000028
W,0x0000022c,0x00000000
W,0x000003bc,0x00000000
W,0x000000a0,0x00000029
W,0x00000230,0x00000000
W,0x000003c0,0x00000000
W,0x000000a4,0x0000002a
W,0x00000234,0x00000000
W,0x000003c4,0x00000000
W,0x000000a8,0x0000002b
W,0x00000238,0x00000000
W,0x000003c8,0x00000000
W,0x000000ac,0x0000002c
W,0x0000023c,0x00000000
W,0x000003cc,0x00000000
W,0x000000b0,0x0000002d
W,0x00000240,0x00000001
W,0x000003d0,0x00000000
W,0x000000b4,0x0000002e
W,0x00000244,0x00000000
W,0x000003d4,0x00000000
W,0x000000b8,0x0000002f
W,0x00000248,0x00000000
W,0x000003d8,0x00000000
W,0x000000bc,0x00000030
W,0x0000024c,0x00000000
W,0x000003dc,0x00000000
W,0x000000c0,0x00000031
W,0x00000250,0x00000000
W,0x000003e0,0x00000000
W,0x000000c4,0x00000032
W,0x00000254,0x00000000
W,0x000003e4,0x00000000
W,0x000000c8,0x00000033
W,0x00000258,0x00000000
W,0x000003e8,0x00000000
W,0x000000cc,0x00000034
W,0x0000025c,0x00000000
W,0x000003ec,0x00000000
W,0x000000d0,0x00000035
W,0x00000260,0x00000000
W,0x000003f0,0x00000000
W,0x000000d4,0x00000036
W,0x00000264,0x00000000
W,0x000003f4,0x00000000
W,0x000000d8,0x00000037
W,0x00000268,0x00000000
W,0x000003f8,0x00000000
W,0x000000dc,0x00000038
W,0x0000026c,0x00000001
W,0x000003fc,0x00000000
W,0x000000e0,0x00000039
W,0x00000270,0x00000000
W,0x00000400,0x00000000
W,0x000000e4,0x0000003a
W,0x00000274,0x00000000
W,0x00000404,0x00000000
W,0x000000e8,0x0000003b
W,0x00000278,0x00000000
W,0x00000408,0x00000000
W,0x000000ec,0x0000003c
W,0x0000027c,0x00000000
W,0x0000040c,0x00000000
W,0x000000f0,0x0000003d
W,0x00000280,0x00000000
W,0x00000410,0x00000000
W,0x000000f4,0x0000003e
W,0x00000284,0x00000000
W,0x00000414,0x00000000
W,0x000000f8,0x0000003f
W,0x00000288,0x00000000
W,0x00000418,0x00000000
W,0x000000fc,0x00000040
W,0x0000028c,0x00000000
W,0x0000041c,0x00000000
W,0x00000100,0x00000041
W,0x00000290,0x00000000
W,0x00000420,0x00000000
W,0x00000104,0x00000042
W,0x00000294,0x00000000
W,0x00000424,0x00000000
W,0x00000108,0x00000043
W,0x00000298,0x00000001
W,0x00000428,0x00000000
W,0x0000010c,0x00000044
W,0x0000029c,0x00000000
W,0x0000042c,0x00000000
W,0x00000110,0x00000045
W,0x000002a0,0x00000000
W,0x00000430,0x00000000
W,0x00000114,0x00000046
W,0x000002a4,0x00000000
W,0x00000434,0x00000000
W,0x00000118,0x00000047
W,0x000002a8,0x00000000
W,0x00000438,0x00000000
W,0x0000011c,0x00000048
W,0x000002ac,0x00000000
W,0x0000043c,0x00000000
W,0x00000120,0x00000049
W,0x000002b0,0x00000000
W,0x00000440,0x00000000
W,0x00000124,0x0000004a
W,0x000002b4,0x00000000
W,0x00000444,0x00000000
W,0x00000128,0x0000004b
W,0x000002b8,0x00000000
W,0x00000448,0x00000000
W,0x0000012c,0x0000004c
W,0x000002bc,0x00000000
W,0x0000044c,0x00000000
W,0x00000130,0x0000004d
W,0x000002c0,0x00000000
W,0x00000450,0x00000000
W,0x00000134,0x0000004e
W,0x000002c4,0x00000001
W,0x00000454,0x00000000
W,0x00000138,0x0000004f
W,0x000002c8,0x00000000
W,0x00000458,0x00000000
W,0x0000013c,0x00000050
W,0x000002cc,0x00000000
W,0x0000045c,0x00000000
W,0x00000140,0x00000051
W,0x000002d0,0x00000000
W,0x00000460,0x00000000
W,0x00000144,0x00000052
W,0x000002d4,0x00000000
W,0x00000464,0x00000000
W,0x00000148,0x00000053
W,0x000002d8,0x00000000
W,0x00000468,0x00000000
W,0x0000014c,0x00000054
W,0x000002dc,0x00000000
W,0x0000046c,0x00000000
W,0x00000150,0x00000055
W,0x000002e0,0x00000000
W,0x00000470,0x00000000
W,0x00000154,0x00000056
W,0x000002e4,0x00000000
W,0x00000474,0x00000000
W,0x00000158,0x00000057
W,0x000002e8,0x00000000
W,0x00000478,0x00000000
W,0x0000015c,0x00000058
W,0x000002ec,0x00000000
W,0x0000047c,0x00000000
W,0x00000160,0x00000059
W,0x000002f0,0x00000001
W,0x00000480,0x00000000
W,0x00000164,0x0000005a
W,0x000002f4,0x00000000
W,0x00000484,0x00000000
W,0x00000168,0x0000005b
W,0x000002f8,0x00000000
W,0x00000488,0x00000000
W,0x0000016c,0x0000005c
W,0x000002fc,0x00000000
W,0x0000048c,0x00000000
W,0x00000170,0x0000005d
W,0x00000300,0x00000000
W,0x00000490,0x00000000
W,0x00000174,0x0000005e
W,0x00000304,0x00000000
W,0x00000494,0x00000000
W,0x00000178,0x0000005f
W,0x00000308,0x00000000
W,0x00000498,0x00000000
W,0x0000017c,0x00000060
W,0x0000030c,0x00000000
W,0x0000049c,0x00000000
W,0x00000180,0x00000061
W,0x00000310,0x00000000
W,0x000004a0,0x00000000
W,0x00000184,0x00000062
W,0x00000314,0x00000000
W,0x000004a4,0x00000000
W,0x00000188,0x00000063
W,0x00000318,0x00000000
W,0x000004a8,0x00000000
W,0x0000018c,0x00000064
W,0x0000031c,0x00000001
W,0x000004ac,0x00000000
R,0x00000000,0x00000001
R,0x00000190,0x00000001
R,0x00000004,0x00000002
R,0x000001b8,0x00000000
R,0x00000008,0x00000003
R,0x000001e0,0x00000000
R,0x0000000c,0x00000004
R,0x00000208,0x00000000
R,0x00000010,0x00000005
R,0x00000230,0x00000000
R,0x00000014,0x00000006
R,0x00000258,0x00000000
R,0x00000018,0x00000007
R,0x00000280,0x00000000
R,0x0000001c,0x00000008
R,0x000002a8,0x00000000
R,0x00000020,0x00000009
R,0x000002d0,0x00000000
R,0x00000024,0x0000000a
R,0x000002f8,0x00000000
W,0x00000320,0x00000001
R,0x00000000,0x00000001
R,0x00000194,0x00000000
R,0x00000004,0x00000002
R,0x000001bc,0x00000001
R,0x00000008,0x00000003
R,0x000001e4,0x00000000
R,0x0000000c,0x00000004
R,0x0000020c,0x00000000
R,0x00000010,0x00000005
R,0x00000234,0x00000000
R,0x00000014,0x00000006
R,0x0000025c,0x00000000
R,0x00000018,0x00000007
R,0x00000284,0x00000000
R,0x0000001c,0x00000008
R,0x000002ac,0x00000000
R,0x00000020,0x00000009
R,0x000002d4,0x00000000
R,0x00000024,0x0000000a
R,0x000002fc,0x00000000
W,0x00000324,0x00000002
R,0x00000000,0x00000001
R,0x00000198,0x00000000
R,0x00000004,0x00000002
R,0x000001c0,0x00000000
R,0x00000008,0x00000003
R,0x000001e8,0x00000001
R,0x0000000c,0x00000004
R,0x00000210,0x00000000
R,0x00000010,0x00000005
R,0x00000238,0x00000000
R,0x00000014,0x00000006
R,0x00000260,0x00000000
R,0x00000018,0x00000007
R,0x00000288,0x00000000
R,0x0000001c,0x00000008
R,0x000002b0,0x00000000
R,0x00000020,0x00000009
R,0x000002d8,0x00000000
R,0x00000024,0x0000000a
R,0x00000300,0x00000000
W,0x00000328,0x00000003
R,0x00000000,0x00000001
R,0x0000019c,0x00000000
R,0x00000004,0x00000002
R,0x000001c4,0x00000000
R,0x00000008,0x00000003
R,0x000001ec,0x00000000
R,0x0000000c,0x00000004
R,0x00000214,0x00000001
R,0x00000010,0x00000005
R,0x0000023c,0x00000000
R,0x00000014,0x00000006
R,0x00000264,0x00000000
R,0x00000018,0x00000007
R,0x0000028c,0x00000000
R,0x0000001c,0x00000008
R,0x000002b4,0x00000000
R,0x00000020,0x00000009
R,0x000002dc,0x00000000
R,0x00000024,0x0000000a
R,0x00000304,0x00000000
W,0x0000032c,0x00000004
R,0x00000000,0x00000001
R,0x000001a0,0x00000000
R,0x00000004,0x00000002
R,0x000001c8,0x00000000
R,0x00000008,0x00000003
R,0x000001f0,0x00000000
R,0x0000000c,0x00000004
R,0x00000218,0x00000000
R,0x00000010,0x00000005
R,0x00000240,0x00000001
R,0x00000014,0x00000006
R,0x00000268,0x00000000
R,0x00000018,0x00000007
R,0x00000290,0x00000000
R,0x0000001c,0x00000008
R,0x000002b8,0x00000000
R,0x00000020,0x00000009
R,0x000002e0,0x00000000
R,0x00000024,0x0000000a
R,0x00000308,0x00000000
W,0x00000330,0x00000005
R,0x00000000,0x00000001
R,0x000001a4,0x00000000
R,0x00000004,0x00000002
R,0x000001cc,0x00000000
R,0x00000008,0x00000003
R,0x000001f4,0x00000000
R,0x0000000c,0x00000004
R,0x0000021c,0x00000000
R,0x00000010,0x00000005
R,0x00000244,0x00000000
R,0x00000014,0x00000006
R,0x0000026c,0x00000001
R,0x00000018,0x00000007
R,0x00000294,0x00000000
R,0x0000001c,0x00000008
R,0x000002bc,0x00000000
R,0x00000020,0x00000009
R,0x000002e4,0x00000000
R,0x00000024,0x0000000a
R,0x0000030c,0x00000000
W,0x00000334,0x00000006
R,0x00000000,0x00000001
R,0x000001a8,0x00000000
R,0x00000004,0x00000002
R,0x000001d0,0x00000000
R,0x00000008,0x00000003
R,0x000001f8,0x00000000
R,0x0000000c,0x00000004
R,0x00000220,0x00000000
R,0x00000010,0x00000005
R,0x00000248,0x00000000
R,0x00000014,0x00000006
R,0x00000270,0x00000000
R,0x00000018,0x00000007
R,0x00000298,0x00000001
R,0x0000001c,0x00000008
R,0x000002c0,0x00000000
R,0x00000020,0x00000009
R,0x000002e8,0x00000000
R,0x00000024,0x0000000a
R,0x00000310,0x00000000
W,0x00000338,0x00000007
R,0x00000000,0x00000001
R,0x000001ac,0x00000000
R,0x00000004,0x00000002
R,0x000001d4,0x00000000
R,0x00000008,0x00000003
R,0x000001fc,0x00000000
R,0x0000000c,0x00000004
R,0x00000224,0x00000000
R,0x00000010,0x00000005
R,0x0000024c,0x00000000
R,0x00000014,0x00000006
R,0x00000274,0x00000000
R,0x00000018,0x00000007
R,0x0000029c,0x00000000
R,0x0000001c,0x00000008
R,0x000002c4,0x00000001
R,0x00000020,0x00000009
R,0x000002ec,0x00000000
R,0x00000024,0x0000000a
R,0x00000314,0x00000000
W,0x0000033c,0x00000008
R,0x00000000,0x00000001
R,0x000001b0,0x00000000
R,0x00000004,0x00000002
R,0x000001d8,0x00000000
R,0x00000008,0x00000003
R,0x00000200,0x00000000
R,0x0000000c,0x00000004
R,0x00000228,0x00000000
R,0x00000010,0x00000005
R,0x00000250,0x00000000
R,0x00000014,0x00000006
R,0x00000278,0x00000000
R,0x00000018,0x00000007
R,0x000002a0,0x00000000
R,0x0000001c,0x00000008
R,0x000002c8,0x00000000
R,0x00000020,0x00000009
R,0x000002f0,0x00000001
R,0x00000024,0x0000000a
R,0x00000318,0x00000000
W,0x00000340,0x00000009
R,0x00000000,0x00000001
R,0x000001b4,0x00000000
R,0x00000004,0x00000002
R,0x000001dc,0x00000000
R,0x00000008,0x00000003
R,0x00000204,0x00000000
R,0x0000000c,0x00000004
R,0x0000022c,0x00000000
R,0x00000010,0x00000005
R,0x00000254,0x00000000
R,0x00000014,0x00000006
R,0x0000027c,0x00000000
R,0x00000018,0x00000007
R,0x000002a4,0x00000000
R,0x0000001c,0x00000008
R,0x000002cc,0x00000000
R,0x00000020,0x00000009
R,0x000002f4,0x00000000
R,0x00000024,0x0000000a
R,0x0000031c,0x00000001
W,0x00000344,0x0000000a
R,0x00000028,0x0000000b
R,0x00000190,0x00000001
R,0x0000002c,0x0000000c
R,0x000001b8,0x00000000
R,0x00000030,0x0000000d
R,0x000001e0,0x00000000
R,0x00000034,0x0000000e
R,0x00000208,0x00000000
R,0x00000038,0x0000000f
R,0x00000230,0x00000000
R,0x0000003c,0x00000010
R,0x00000258,0x00000000
R,0x00000040,0x00000011
R,0x00000280,0x00000000
R,0x00000044,0x00000012
R,0x000002a8,0x00000000
R,0x00000048,0x00000013
R,0x000002d0,0x00000000
R,0x0000004c,0x00000014
R,0x000002f8,0x00000000
W,0x00000348,0x0000000b
R,0x00000028,0x0000000b
R,0x00000194,0x00000000
R,0x0000002c,0x0000000c
R,0x000001bc,0x00000001
R,0x00000030,0x0000000d
R,0x000001e4,0x00000000
R,0x00000034,0x0000000e
R,0x0000020c,0x00000000
R,0x00000038,0x0000000f
R,0x00000234,0x00000000
R,0x0000003c,0x00000010
R,0x0000025c,0x00000000
R,0x00000040,0x00000011
R,0x00000284,0x00000000
R,0x00000044,0x00000012
R,0x000002ac,0x00000000
R,0x00000048,0x00000013
R,0x000002d4,0x00000000
R,0x0000004c,0x00000014
R,0x000002fc,0x00000000
W,0x0000034c,0x0000000c
R,0x00000028,0x0000000b
R,0x00000198,0x00000000
R,0x0000002c,0x0000000c
R,0x000001c0,0x00000000
R,0x00000030,0x0000000d
R,0x000001e8,0x00000001
R,0x00000034,0x0000000e
R,0x00000210,0x00000000
R,0x00000038,0x0000000f
R,0x00000238,0x00000000
R,0x0000003c,0x00000010
R,0x00000260,0x00000000
R,0x00000040,0x00000011
R,0x00000288,0x00000000
R,0x00000044,0x00000012
R,0x000002b0,0x00000000
R,0x00000048,0x00000013
R,0x000002d8,0x00000000
R,0x0000004c,0x00000014
R,0x00000300,0x00000000
W,0x00000350,0x0000000d
R,0x00000028,0x0000000b
R,0x0000019c,0x00000000
R,0x0000002c,0x0000000c
R,0x000001c4,0x00000000
R,0x00000030,0x0000000d
R,0x000001ec,0x00000000
R,0x00000034,0x0000000e
R,0x00000214,0x00000001
R,0x00000038,0x0000000f
R,0x0000023c,0x00000000
R,0x0000003c,0x00000010
R,0x00000264,0x00000000
R,0x00000040,0x00000011
R,0x0000028c,0x00000000
R,0x00000044,0x00000012
R,0x000002b4,0x00000000
R,0x00000048,0x00000013
R,0x000002dc,0x00000000
R,0x0000004c,0x00000014
R,0x00000304,0x00000000
W,0x00000354,0x0000000e
R,0x00000028,0x0000000b
R,0x000001a0,0x00000000
R,0x0000002c,0x0000000c
R,0x000001c8,0x00000000
R,0x00000030,0x0000000d
R,0x000001f0,0x00000000
R,0x00000034,0x0000000e
R,0x00000218,0x00000000
R,0x00000038,0x0000000f
R,0x00000240,0x00000001
R,0x0000003c,0x00000010
R,0x00000268,0x00000000
R,0x00000040,0x00000011
R,0x00000290,0x00000000
R,0x00000044,0x00000012
R,0x000002b8,0x00000000
R,0x00000048,0x00000013
R,0x000002e0,0x00000000
R,0x0000004c,0x00000014
R,0x00000308,0x00000000
W,0x00000358,0x0000000f
R,0x00000028,0x0000000b
R,0x000001a4,0x00000000
R,0x0000002c,0x0000000c
R,0x000001cc,0x00000000
R,0x00000030,0x0000000d
R,0x000001f4,0x00000000
R,0x00000034,0x0000000e
R,0x0000021c,0x00000000
R,0x00000038,0x0000000f
R,0x00000244,0x00000000
R,0x0000003c,0x00000010
R,0x0000026c,0x00000001
R,0x00000040,0x00000011
R,0x00000294,0x00000000
R,0x00000044,0x00000012
R,0x000002bc,0x00000000
R,0x00000048,0x00000013
R,0x000002e4,0x00000000
R,0x0000004c,0x00000014
R,0x0000030c,0x00000000
W,0x0000035c,0x00000010
R,0x00000028,0x0000000b
R,0x000001a8,0x00000000
R,0x0000002c,0x0000000c
R,0x000001d0,0x00000000
R,0x00000030,0x0000000d
R,0x000001f8,0x00000000
R,0x00000034,0x0000000e
R,0x00000220,0x00000000
R,0x00000038,0x0000000f
R,0x00000248,0x00000000
R,0x0000003c,0x00000010
R,0x00000270,0x00000000
R,0x00000040,0x00000011
R,0x00000298,0x00000001
R,0x00000044,0x00000012
R,0x000002c0,0x00000000
R,0x00000048,0x00000013
R,0x000002e8,0x00000000
R,0x0000004c,0x00000014
R,0x00000310,0x00000000
W,0x00000360,0x00000011
R,0x00000028,0x0000000b
R,0x000001ac,0x00000000
R,0x0000002c,0x0000000c
R,0x000001d4,0x00000000
R,0x00000030,0x0000000d
R,0x000001fc,0x00000000
R,0x00000034,0x0000000e
R,0x00000224,0x00000000
R,0x00000038,0x0000000f
R,0x0000024c,0x00000000
R,0x0000003c,0x00000010
R,0x00000274,0x00000000
R,0x00000040,0x00000011
R,0x0000029c,0x00000000
R,0x00000044,0x00000012
R,0x000002c4,0x00000001
R,0x00000048,0x00000013
R,0x000002ec,0x00000000
R,0x0000004c,0x00000014
R,0x00000314,0x00000000
W,0x00000364,0x00000012
R,0x00000028,0x0000000b
R,0x000001b0,0x00000000
R,0x0000002c,0x0000000c
R,0x000001d8,0x00000000
R,0x00000030,0x0000000d
R,0x00000200,0x00000000
R,0x00000034,0x0000000e
R,0x00000228,0x00000000
R,0x00000038,0x0000000f
R,0x00000250,0x00000000
R,0x0000003c,0x00000010
R,0x00000278,0x00000000
R,0x00000040,0x00000011
R,0x000002a0,0x00000000
R,0x00000044,0x00000012
R,0x000002c8,0x00000000
R,0x00000048,0x00000013
R,0x000002f0,0x00000001
R,0x0000004c,0x00000014
R,0x00000318,0x00000000
W,0x00000368,0x00000013
R,0x00000028,0x0000000b
R,0x000001b4,0x00000000
R,0x0000002c,0x0000000c
R,0x000001dc,0x00000000
R,0x00000030,0x0000000d
R,0x00000204,0x00000000
R,0x00000034,0x0000000e
R,0x0000022c,0x00000000
R,0x00000038,0x0000000f
R,0x00000254,0x00000000
R,0x0000003c,0x00000010
R,0x0000027c,0x00000000
R,0x00000040,0x00000011
R,0x000002a4,0x00000000
R,0x00000044,0x00000012
R,0x000002cc,0x00000000
R,0x00000048,0x00000013
R,0x000002f4,0x00000000
R,0x0000004c,0x00000014
R,0x0000031c,0x00000001
W,0x0000036c,0x00000014
R,0x00000050,0x00000015
R,0x00000190,0x00000001
R,0x00000054,0x00000016
R,0x000001b8,0x00000000
R,0x00000058,0x00000017
R,0x000001e0,0x00000000
R,0x0000005c,0x00000018
R,0x00000208,0x00000000
R,0x00000060,0x00000019
R,0x00000230,0x00000000
R,0x00000064,0x0000001a
R,0x00000258,0x00000000
R,0x00000068,0x0000001b
R,0x00000280,0x00000000
R,0x0000006c,0x0000001c
R,0x000002a8,0x00000000
R,0x00000070,0x0000001d
R,0x000002d0,0x00000000
R,0x00000074,0x0000001e
R,0x000002f8,0x00000000
W,0x00000370,0x00000015
R,0x00000050,0x00000015
R,0x00000194,0x00000000
R,0x00000054,0x00000016
R,0x000001bc,0x00000001
R,0x00000058,0x00000017
R,0x000001e4,0x00000000
R,0x0000005c,0x00000018
R,0x0000020c,0x00000000
R,0x00000060,0x00000019
R,0x00000234,0x00000000
R,0x00000064,0x0000001a
R,0x0000025c,0x00000000
R,0x00000068,0x0000001b
R,0x00000284,0x00000000
R,0x0000006c,0x0000001c
R,0x000002ac,0x00000000
R,0x00000070,0x0000001d
R,0x000002d4,0x00000000
R,0x00000074,0x0000001e
R,0x000002fc,0x00000000
W,0x00000374,0x00000016
R,0x00000050,0x00000015
R,0x00000198,0x00000000
R,0x00000054,0x00000016
R,0x000001c0,0x00000000
R,0x00000058,0x00000017
R,0x000001e8,0x00000001
R,0x0000005c,0x00000018
R,0x00000210,0x00000000
R,0x00000060,0x00000019
R,0x00000238,0x00000000
R,0x00000064,0x0000001a
R,0x00000260,0x00000000
R,0x00000068,0x0000001b
R,0x00000288,0x00000000
R,0x0000006c,0x0000001c
R,0x000002b0,0x00000000
R,0x00000070,0x0000001d
R,0x000002d8,0x00000000
R,0x00000074,0x0000001e
R,0x00000300,0x00000000
W,0x00000378,0x00000017
R,0x00000050,0x00000015
R,0x0000019c,0x00000000
R,0x00000054,0x00000016
R,0x000001c4,0x00000000
R,0x00000058,0x00000017
R,0x000001ec,0x00000000
R,0x0000005c,0x00000018
R,0x00000214,0x00000001
R,0x00000060,0x00000019
R,0x0000023c,0x00000000
R,0x00000064,0x0000001a
R,0x00000264,0x00000000
R,0x00000068,0x0000001b
R,0x0000028c,0x00000000
R,0x0000006c,0x0000001c
R,0x000002b4,0x00000000
R,0x00000070,0x0000001d
R,0x000002dc,0x00000000
R,0x00000074,0x0000001e
R,0x00000304,0x00000000
W,0x0000037c,0x00000018
R,0x00000050,0x00000015
R,0x000001a0,0x00000000
R,0x00000054,0x00000016
R,0x000001c8,0x00000000
R,0x00000058,0x00000017
R,0x000001f0,0x00000000
R,0x0000005c,0x00000018
R,0x00000218,0x00000000
R,0x00000060,0x00000019
R,0x00000240,0x00000001
R,0x00000064,0x0000001a
R,0x00000268,0x00000000
R,0x00000068,0x0000001b
R,0x00000290,0x00000000
R,0x0000006c,0x0000001c
R,0x000002b8,0x00000000
R,0x00000070,0x0000001d
R,0x000002e0,0x00000000
R,0x00000074,0x0000001e
R,0x00000308,0x00000000
W,0x00000380,0x00000019
R,0x00000050,0x00000015
R,0x000001a4,0x00000000
R,0x00000054,0x00000016
R,0x000001cc,0x00000000
R,0x00000058,0x00000017
R,0x000001f4,0x00000000
R,0x0000005c,0x00000018
R,0x0000021c,0x00000000
R,0x00000060,0x00000019
R,0x00000244,0x00000000
R,0x00000064,0x0000001a
R,0x0000026c,0x00000001
R,0x00000068,0x0000001b
R,0x00000294,0x00000000
R,0x0000006c,0x0000001c
R,0x000002bc,0x00000000
R,0x00000070,0x0000001d
R,0x000002e4,0x00000000
R,0x00000074,0x0000001e
R,0x0000030c,0x00000000
W,0x00000384,0x0000001a
R,0x00000050,0x00000015
R,0x000001a8,0x00000000
R,0x00000054,0x00000016
R,0x000001d0,0x00000000
R,0x00000058,0x00000017
R,0x000001f8,0x00000000
R,0x0000005c,0x00000018
R,0x00000220,0x00000000
R,0x00000060,0x00000019
R,0x00000248,0x00000000
R,0x00000064,0x0000001a
R,0x00000270,0x00000000
R,0x00000068,0x0000001b
R,0x00000298,0x00000001
R,0x0000006c,0x0000001c
R,0x000002c0,0x00000000
R,0x00000070,0x0000001d
R,0x000002e8,0x00000000
R,0x00000074,0x0000001e
R,0x00000310,0x00000000
W,0x00000388,0x0000001b
R,0x00000050,0x00000015
R,0x000001ac,0x00000000
R,0x00000054,0x00000016
R,0x000001d4,0x00000000
R,0x00000058,0x00000017
R,0x000001fc,0x00000000
R,0x0000005c,0x00000018
R,0x00000224,0x00000000
R,0x00000060,0x00000019
R,0x0000024c,0x00000000
R,0x00000064,0x0000001a
R,0x00000274,0x00000000
R,0x00000068,0x0000001b
R,0x0000029c,0x00000000
R,0x0000006c,0x0000001c
R,0x000002c4,0x00000001
R,0x00000070,0x0000001d
R,0x000002ec,0x00000000
R,0x00000074,0x0000001e
R,0x00000314,0x00000000
W,0x0000038c,0x0000001c
R,0x00000050,0x00000015
R,0x000001b0,0x00000000
R,0x00000054,0x00000016
R,0x000001d8,0x00000000
R,0x00000058,0x00000017
R,0x00000200,0x00000000
R,0x0000005c,0x00000018
R,0x00000228,0x00000000
R,0x00000060,0x00000019
R,0x00000250,0x00000000
R,0x00000064,0x0000001a
R,0x00000278,0x00000000
R,0x00000068,0x0000001b
R,0x000002a0,0x00000000
R,0x0000006c,0x0000001c
R,0x000002c8,0x00000000
R,0x00000070,0x0000001d
R,0x000002f0,0x00000001
R,0x00000074,0x0000001e
R,0x00000318,0x00000000
W,0x00000390,0x0000001d
R,0x00000050,0x00000015
R,0x000001b4,0x00000000
R,0x00000054,0x00000016
R,0x000001dc,0x00000000
R,0x00000058,0x00000017
R,0x00000204,0x00000000
R,0x0000005c,0x00000018
R,0x0000022c,0x00000000
R,0x00000060,0x00000019
R,0x00000254,0x00000000
R,0x00000064,0x0000001a
R,0x0000027c,0x00000000
R,0x00000068,0x0000001b
R,0x000002a4,0x00000000
R,0x0000006c,0x0000001c
R,0x000002cc,0x00000000
R,0x00000070,0x0000001d
R,0x000002f4,0x00000000
R,0x00000074,0x0000001e
R,0x0000031c,0x00000001
W,0x00000394,0x0000001e
R,0x00000078,0x0000001f
R,0x00000190,0x00000001
R,0x0000007c,0x00000020
R,0x000001b8,0x00000000
R,0x00000080,0x00000021
R,0x000001e0,0x00000000
R,0x00000084,0x00000022
R,0x00000208,0x00000000
R,0x00000088,0x00000023
R,0x00000230,0x00000000
R,0x0000008c,0x00000024
R,0x00000258,0x00000000
R,0x00000090,0x00000025
R,0x00000280,0x00000000
R,0x00000094,0x00000026
R,0x000002a8,0x00000000
R,0x00000098,0x00000027
R,0x000002d0,0x00000000
R,0x0000009c,0x00000028
R,0x000002f8,0x00000000
W,0x00000398,0x0000001f
R,0x00000078,0x0000001f
R,0x00000194,0x00000000
R,0x0000007c,0x00000020
R,0x000001bc,0x00000001
R,0x00000080,0x00000021
R,0x000001e4,0x00000000
R,0x00000084,0x00000022
R,0x0000020c,0x00000000
R,0x00000088,0x00000023
R,0x00000234,0x00000000
R,0x0000008c,0x00000024
R,0x0000025c,0x00000000
R,0x00000090,0x00000025
R,0x00000284,0x00000000
R,0x00000094,0x00000026
R,0x000002ac,0x00000000
R,0x00000098,0x00000027
R,0x000002d4,0x00000000
R,0x0000009c,0x00000028
R,0x000002fc,0x00000000
W,0x0000039c,0x00000020
R,0x00000078,0x0000001f
R,0x00000198,0x00000000
R,0x0000007c,0x00000020
R,0x000001c0,0x00000000
R,0x00000080,0x00000021
R,0x000001e8,0x00000001
R,0x00000084,0x00000022
R,0x00000210,0x00000000
R,0x00000088,0x00000023
R,0x00000238,0x00000000
R,0x0000008c,0x00000024
R,0x00000260,0x00000000
R,0x00000090,0x00000025
R,0x00000288,0x00000000
R,0x00000094,0x00000026
R,0x000002b0,0x00000000
R,0x00000098,0x00000027
R,0x000002d8,0x00000000
R,0x0000009c,0x00000028
R,0x00000300,0x00000000
W,0x000003a0,0x00000021
R,0x00000078,0x0000001f
R,0x0000019c,0x00000000
R,0x0000007c,0x00000020
R,0x000001c4,0x00000000
R,0x00000080,0x00000021
R,0x000001ec,0x00000000
R,0x00000084,0x00000022
R,0x00000214,0x00000001
R,0x00000088,0x00000023
R,0x0000023c,0x00000000
R,0x0000008c,0x00000024
R,0x00000264,0x00000000
R,0x00000090,0x00000025
R,0x0000028c,0x00000000
R,0x00000094,0x00000026
R,0x000002b4,0x00000000
R,0x00000098,0x00000027
R,0x000002dc,0x00000000
R,0x0000009c,0x00000028
R,0x00000304,0x00000000
W,0x000003a4,0x00000022
R,0x00000078,0x0000001f
R,0x000001a0,0x00000000
R,0x0000007c,0x00000020
R,0x000001c8,0x00000000
R,0x00000080,0x00000021
R,0x000001f0,0x00000000
R,0x00000084,0x00000022
R,0x00000218,0x00000000
R,0x00000088,0x00000023
R,0x00000240,0x00000001
R,0x0000008c,0x00000024
R,0x00000268,0x00000000
R,0x00000090,0x00000025
R,0x00000290,0x00000000
R,0x00000094,0x00000026
R,0x000002b8,0x00000000
R,0x00000098,0x00000027
R,0x000002e0,0x00000000
R,0x0000009c,0x00000028
R,0x00000308,0x00000000
W,0x000003a8,0x00000023
R,0x00000078,0x0000001f
R,0x000001a4,0x00000000
R,0x0000007c,0x00000020
R,0x000001cc,0x00000000
R,0x00000080,0x00000021
R,0x000001f4,0x00000000
R,0x00000084,0x00000022
R,0x0000021c,0x00000000
R,0x00000088,0x00000023
R,0x00000244,0x00000000
R,0x0000008c,0x00000024
R,0x0000026c,0x00000001
R,0x00000090,0x00000025
R,0x00000294,0x00000000
R,0x00000094,0x00000026
R,0x000002bc,0x00000000
R,0x00000098,0x00000027
R,0x000002e4,0x00000000
R,0x0000009c,0x00000028
R,0x0000030c,0x00000000
W,0x000003ac,0x00000024
R,0x00000078,0x0000001f
R,0x000001a8,0x00000000
R,0x0000007c,0x00000020
R,0x000001d0,0x00000000
R,0x00000080,0x00000021
R,0x000001f8,0x00000000
R,0x00000084,0x00000022
R,0x00000220,0x00000000
R,0x00000088,0x00000023
R,0x00000248,0x00000000
R,0x0000008c,0x00000024
R,0x00000270,0x00000000
R,0x00000090,0x00000025
R,0x00000298,0x00000001
R,0x00000094,0x00000026
R,0x000002c0,0x00000000
R,0x00000098,0x00000027
R,0x000002e8,0x00000000
R,0x0000009c,0x00000028
R,0x00000310,0x00000000
W,0x000003b0,0x00000025
R,0x00000078,0x0000001f
R,0x000001ac,0x00000000
R,0x0000007c,0x00000020
R,0x000001d4,0x00000000
R,0x00000080,0x00000021
R,0x000001fc,0x00000000
R,0x00000084,0x00000022
R,0x00000224,0x00000000
R,0x00000088,0x00000023
R,0x0000024c,0x00000000
R,0x0000008c,0x00000024
R,0x00000274,0x00000000
R,0x00000090,0x00000025
R,0x0000029c,0x00000000
R,0x00000094,0x00000026
R,0x000002c4,0x00000001
R,0x00000098,0x00000027
R,0x000002ec,0x00000000
R,0x0000009c,0x00000028
R,0x00000314,0x00000000
W,0x000003b4,0x00000026
R,0x00000078,0x0000001f
R,0x000001b0,0x00000000
R,0x0000007c,0x00000020
R,0x000001d8,0x00000000
R,0x00000080,0x00000021
R,0x00000200,0x00000000
R,0x00000084,0x00000022
R,0x00000228,0x00000000
R,0x00000088,0x00000023
R,0x00000250,0x00000000
R,0x0000008c,0x00000024
R,0x00000278,0x00000000
R,0x00000090,0x00000025
R,0x000002a0,0x00000000
R,0x00000094,0x00000026
R,0x000002c8,0x00000000
R,0x00000098,0x00000027
R,0x000002f0,0x00000001
R,0x0000009c,0x00000028
R,0x00000318,0x00000000
W,0x000003b8,0x00000027
R,0x00000078,0x0000001f
R,0x000001b4,0x00000000
R,0x0000007c,0x00000020
R,0x000001dc,0x00000000
R,0x00000080,0x00000021
R,0x00000204,0x00000000
R,0x00000084,0x00000022
R,0x0000022c,0x00000000
R,0x00000088,0x00000023
R,0x00000254,0x00000000
R,0x0000008c,0x00000024
R,0x0000027c,0x00000000
R,0x00000090,0x00000025
R,0x000002a4,0x00000000
R,0x00000094,0x00000026
R,0x000002cc,0x00000000
R,0x00000098,0x00000027
R,0x000002f4,0x00000000
R,0x0000009c,0x00000028
R,0x0000031c,0x00000001
W,0x000003bc,0x00000028
R,0x000000a0,0x00000029
R,0x00000190,0x00000001
R,0x000000a4,0x0000002a
R,0x000001b8,0x00000000
R,0x000000a8,0x0000002b
R,0x000001e0,0x00000000
R,0x000000ac,0x0000002c
R,0x00000208,0x00000000
R,0x000000b0,0x0000002d
R,0x00000230,0x00000000
R,0x000000b4,0x0000002e
R,0x00000258,0x00000000
R,0x000000b8,0x0000002f
R,0x00000280,0x00000000
R,0x000000bc,0x00000030
R,0x000002a8,0x00000000
R,0x000000c0,0x00000031
R,0x000002d0,0x00000000
R,0x000000c4,0x00000032
R,0x000002f8,0x00000000
W,0x000003c0,0x00000029
R,0x000000a0,0x00000029
R,0x00000194,0x00000000
R,0x000000a4,0x0000002a
R,0x000001bc,0x00000001
R,0x000000a8,0x0000002b
R,0x000001e4,0x00000000
R,0x000000ac,0x0000002c
R,0x0000020c,0x00000000
R,0x000000b0,0x0000002d
R,0x00000234,0x00000000
R,0x000000b4,0x0000002e
R,0x0000025c,0x00000000
R,0x000000b8,0x0000002f
R,0x00000284,0x00000000
R,0x000000bc,0x00000030
R,0x000002ac,0x00000000
R,0x000000c0,0x00000031
R,0x000002d4,0x00000000
R,0x000000c4,0x00000032
R,0x000002fc,0x00000000
W,0x000003c4,0x0000002a
R,0x000000a0,0x00000029
R,0x00000198,0x00000000
R,0x000000a4,0x0000002a
R,0x000001c0,0x00000000
R,0x000000a8,0x0000002b
R,0x000001e8,0x00000001
R,0x000000ac,0x0000002c
R,0x00000210,0x00000000
R,0x000000b0,0x0000002d
R,0x00000238,0x00000000
R,0x000000b4,0x0000002e
R,0x00000260,0x00000000
R,0x000000b8,0x0000002f
R,0x00000288,0x00000000
R,0x000000bc,0x00000030
R,0x000002b0,0x00000000
R,0x000000c0,0x00000031
R,0x000002d8,0x00000000
R,0x000000c4,0x00000032
R,0x00000300,0x00000000
W,0x000003c8,0x0000002b
R,0x000000a0,0x00000029
R,0x0000019c,0x00000000
R,0x000000a4,0x0000002a
R,0x000001c4,0x00000000
R,0x000000a8,0x0000002b
R,0x000001ec,0x00000000
R,0x000000ac,0x0000002c
R,0x00000214,0x00000001
R,0x000000b0,0x0000002d
R,0x0000023c,0x00000000
R,0x000000b4,0x0000002e
R,0x00000264,0x00000000
R,0x000000b8,0x0000002f
R,0x0000028c,0x00000000
R,0x000000bc,0x00000030
R,0x000002b4,0x00000000
R,0x000000c0,0x00000031
R,0x000002dc,0x00000000
R,0x000000c4,0x00000032
R,0x00000304,0x00000000
W,0x000003cc,0x0000002c
R,0x000000a0,0x00000029
R,0x000001a0,0x00000000
R,0x000000a4,0x0000002a
R,0x000001c8,0x00000000
R,0x000000a8,0x0000002b
R,0x000001f0,0x00000000
R,0x000000ac,0x0000002c
R,0x00000218,0x00000000
R,0x000000b0,0x0000002d
R,0x00000240,0x00000001
R,0x000000b4,0x0000002e
R,0x00000268,0x00000000
R,0x000000b8,0x0000002f
R,0x00000290,0x00000000
R,0x000000bc,0x00000030
R,0x000002b8,0x00000000
R,0x000000c0,0x00000031
R,0x000002e0,0x00000000
R,0x000000c4,0x00000032
R,0x00000308,0x00000000
W,0x000003d0,0x0000002d
R,0x000000a0,0x00000029
R,0x000001a4,0x00000000
R,0x000000a4,0x0000002a
R,0x000001cc,0x00000000
R,0x000000a8,0x0000002b
R,0x000001f4,0x00000000
R,0x000000ac,0x0000002c
R,0x0000021c,0x00000000
R,0x000000b0,0x0000002d
R,0x00000244,0x00000000
R,0x000000b4,0x0000002e
R,0x0000026c,0x00000001
R,0x000000b8,0x0000002f
R,0x00000294,0x00000000
R,0x000000bc,0x00000030
R,0x000002bc,0x00000000
R,0x000000c0,0x00000031
R,0x000002e4,0x00000000
R,0x000000c4,0x00000032
R,0x0000030c,0x00000000
W,0x000003d4,0x0000002e
R,0x000000a0,0x00000029
R,0x000001a8,0x00000000
R,0x000000a4,0x0000002a
R,0x000001d0,0x00000000
R,0x000000a8,0x0000002b
R,0x000001f8,0x00000000
R,0x000000ac,0x0000002c
R,0x00000220,0x00000000
R,0x000000b0,0x0000002d
R,0x00000248,0x00000000
R,0x000000b4,0x0000002e
R,0x00000270,0x00000000
R,0x000000b8,0x0000002f
R,0x00000298,0x00000001
R,0x000000bc,0x00000030
R,0x000002c0,0x00000000
R,0x000000c0,0x00000031
R,0x000002e8,0x00000000
R,0x000000c4,0x00000032
R,0x00000310,0x00000000
W,0x000003d8,0x0000002f
R,0x000000a0,0x00000029
R,0x000001ac,0x00000000
R,0x000000a4,0x0000002a
R,0x000001d4,0x00000000
R,0x000000a8,0x0000002b
R,0x000001fc,0x00000000
R,0x000000ac,0x0000002c
R,0x00000224,0x00000000
R,0x000000b0,0x0000002d
R,0x0000024c,0x00000000
R,0x000000b4,0x0000002e
R,0x00000274,0x00000000
R,0x000000b8,0x0000002f
R,0x0000029c,0x00000000
R,0x000000bc,0x00000030
R,0x000002c4,0x00000001
R,0x000000c0,0x00000031
R,0x000002ec,0x00000000
R,0x000000c4,0x00000032
R,0x00000314,0x00000000
W,0x000003dc,0x00000030
R,0x000000a0,0x00000029
R,0x000001b0,0x00000000
R,0x000000a4,0x0000002a
R,0x000001d8,0x00000000
R,0x000000a8,0x0000002b
R,0x00000200,0x00000000
R,0x000000ac,0x0000002c
R,0x00000228,0x00000000
R,0x000000b0,0x0000002d
R,0x00000250,0x00000000
R,0x000000b4,0x0000002e
R,0x00000278,0x00000000
R,0x000000b8,0x0000002f
R,0x000002a0,0x00000000
R,0x000000bc,0x00000030
R,0x000002c8,0x00000000
R,0x000000c0,0x00000031
R,0x000002f0,0x00000001
R,0x000000c4,0x00000032
R,0x00000318,0x00000000
W,0x000003e0,0x00000031
R,0x000000a0,0x00000029
R,0x000001b4,0x00000000
R,0x000000a4,0x0000002a
R,0x000001dc,0x00000000
R,0x000000a8,0x0000002b
R,0x00000204,0x00000000
R,0x000000ac,0x0000002c
R,0x0000022c,0x00000000
R,0x000000b0,0x0000002d
R,0x00000254,0x00000000
R,0x000000b4,0x0000002e
R,0x0000027c,0x00000000
R,0x000000b8,0x0000002f
R,0x000002a4,0x00000000
R,0x000000bc,0x00000030
R,0x000002cc,0x00000000
R,0x000000c0,0x00000031
R,0x000002f4,0x00000000
R,0x000000c4,0x00000032
R,0x0000031c,0x00000001
W,0x000003e4,0x00000032
R,0x000000c8,0x00000033
R,0x00000190,0x00000001
R,0x000000cc,0x00000034
R,0x000001b8,0x00000000
R,0x000000d0,0x00000035
R,0x000001e0,0x00000000
R,0x000000d4,0x00000036
R,0x00000208,0x00000000
R,0x000000d8,0x00000037
R,0x00000230,0x00000000
R,0x000000dc,0x00000038
R,0x00000258,0x00000000
R,0x000000e0,0x00000039
R,0x00000280,0x00000000
R,0x000000e4,0x0000003a
R,0x000002a8,0x00000000
R,0x000000e8,0x0000003b
R,0x000002d0,0x00000000
R,0x000000ec,0x0000003c
R,0x000002f8,0x00000000
W,0x000003e8,0x00000033
R,0x000000c8,0x00000033
R,0x00000194,0x00000000
R,0x000000cc,0x00000034
R,0x000001bc,0x00000001
R,0x000000d0,0x00000035
R,0x000001e4,0x00000000
R,0x000000d4,0x00000036
R,0x0000020c,0x00000000
R,0x000000d8,0x00000037
R,0x00000234,0x00000000
R,0x000000dc,0x00000038
R,0x0000025c,0x00000000
R,0x000000e0,0x00000039
R,0x00000284,0x00000000
R,0x000000e4,0x0000003a
R,0x000002ac,0x00000000
R,0x000000e8,0x0000003b
R,0x000002d4,0x00000000
R,0x000000ec,0x0000003c
R,0x000002fc,0x00000000
W,0x000003ec,0x00000034
R,0x000000c8,0x00000033
R,0x00000198,0x00000000
R,0x000000cc,0x00000034
R,0x000001c0,0x00000000
R,0x000000d0,0x00000035
R,0x000001e8,0x00000001
R,0x000000d4,0x00000036
R,0x00000210,0x00000000
R,0x000000d8,0x00000037
R,0x00000238,0x00000000
R,0x000000dc,0x00000038
R,0x00000260,0x00000000
R,0x000000e0,0x00000039
R,0x00000288,0x00000000
R,0x000000e4,0x0000003a
R,0x000002b0,0x00000000
R,0x000000e8,0x0000003b
R,0x000002d8,0x00000000
R,0x000000ec,0x0000003c
R,0x00000300,0x00000000
W,0x000003f0,0x00000035
R,0x000000c8,0x00000033
R,0x0000019c,0x00000000
R,0x000000cc,0x00000034
R,0x000001c4,0x00000000
R,0x000000d0,0x00000035
R,0x000001ec,0x00000000
R,0x000000d4,0x00000036
R,0x00000214,0x00000001
R,0x000000d8,0x00000037
R,0x0000023c,0x00000000
R,0x000000dc,0x00000038
R,0x00000264,0x00000000
R,0x000000e0,0x00000039
R,0x0000028c,0x00000000
R,0x000000e4,0x0000003a
R,0x000002b4,0x00000000
R,0x000000e8,0x0000003b
R,0x000002dc,0x00000000
R,0x000000ec,0x0000003c
R,0x00000304,0x00000000
W,0x000003f4,0x00000036
R,0x000000c8,0x00000033
R,0x000001a0,0x00000000
R,0x000000cc,0x00000034
R,0x000001c8,0x00000000
R,0x000000d0,0x00000035
R,0x000001f0,0x00000000
R,0x000000d4,0x00000036
R,0x00000218,0x00000000
R,0x000000d8,0x00000037
R,0x00000240,0x00000001
R,0x000000dc,0x00000038
R,0x00000268,0x00000000
R,0x000000e0,0x00000039
R,0x00000290,0x00000000
R,0x000000e4,0x0000003a
R,0x000002b8,0x00000000
R,0x000000e8,0x0000003b
R,0x000002e0,0x00000000
R,0x000000ec,0x0000003c
R,0x00000308,0x00000000
W,0x000003f8,0x00000037
R,0x000000c8,0x00000033
R,0x000001a4,0x00000000
R,0x000000cc,0x00000034
R,0x000001cc,0x00000000
R,0x000000d0,0x00000035
R,0x000001f4,0x00000000
R,0x000000d4,0x00000036
R,0x0000021c,0x00000000
R,0x000000d8,0x00000037
R,0x00000244,0x00000000
R,0x000000dc,0x00000038
R,0x0000026c,0x00000001
R,0x000000e0,0x00000039
R,0x00000294,0x00000000
R,0x000000e4,0x0000003a
R,0x000002bc,0x00000000
R,0x000000e8,0x0000003b
R,0x000002e4,0x00000000
R,0x000000ec,0x0000003c
R,0x0000030c,0x00000000
W,0x000003fc,0x00000038
R,0x000000c8,0x00000033
R,0x000001a8,0x00000000
R,0x000000cc,0x00000034
R,0x000001d0,0x00000000
R,0x000000d0,0x00000035
R,0x000001f8,0x00000000
R,0x000000d4,0x00000036
R,0x00000220,0x00000000
R,0x000000d8,0x00000037
R,0x00000248,0x00000000
R,0x000000dc,0x00000038
R,0x00000270,0x00000000
R,0x000000e0,0x00000039
R,0x00000298,0x00000001
R,0x000000e4,0x0000003a
R,0x000002c0,0x00000000
R,0x000000e8,0x0000003b
R,0x000002e8,0x00000000
R,0x000000ec,0x0000003c
R,0x00000310,0x00000000
W,0x00000400,0x00000039
R,0x000000c8,0x00000033
R,0x000001ac,0x00000000
R,0x000000cc,0x00000034
R,0x000001d4,0x00000000
R,0x000000d0,0x00000035
R,0x000001fc,0x00000000
R,0x000000d4,0x00000036
R,0x00000224,0x00000000
R,0x000000d8,0x00000037
R,0x0000024c,0x00000000
R,0x000000dc,0x00000038
R,0x00000274,0x00000000
R,0x000000e0,0x00000039
R,0x0000029c,0x00000000
R,0x000000e4,0x0000003a
R,0x000002c4,0x00000001
R,0x000000e8,0x0000003b
R,0x000002ec,0x00000000
R,0x000000ec,0x0000003c
R,0x00000314,0x00000000
W,0x00000404,0x0000003a
R,0x000000c8,0x00000033
R,0x000001b0,0x00000000
R,0x000000cc,0x00000034
R,0x000001d8,0x00000000
R,0x000000d0,0x00000035
R,0x00000200,0x00000000
R,0x000000d4,0x00000036
R,0x00000228,0x00000000
R,0x000000d8,0x00000037
R,0x00000250,0x00000000
R,0x000000dc,0x00000038
R,0x00000278,0x00000000
R,0x000000e0,0x00000039
R,0x000002a0,0x00000000
R,0x000000e4,0x0000003a
R,0x000002c8,0x00000000
R,0x000000e8,0x0000003b
R,0x000002f0,0x00000001
R,0x000000ec,0x0000003c
R,0x00000318,0x00000000
W,0x00000408,0x0000003b
R,0x000000c8,0x00000033
R,0x000001b4,0x00000000
R,0x000000cc,0x00000034
R,0x000001dc,0x00000000
R,0x000000d0,0x00000035
R,0x00000204,0x00000000
R,0x000000d4,0x00000036
R,0x0000022c,0x00000000
R,0x000000d8,0x00000037
R,0x00000254,0x00000000
R,0x000000dc,0x00000038
R,0x0000027c,0x00000000
R,0x000000e0,0x00000039
R,0x000002a4,0x00000000
R,0x000000e4,0x0000003a
R,0x000002cc,0x00000000
R,0x000000e8,0x0000003b
R,0x000002f4,0x00000000
R,0x000000ec,0x0000003c
R,0x0000031c,0x00000001
W,0x0000040c,0x0000003c
R,0x000000f0,0x0000003d
R,0x00000190,0x00000001
R,0x000000f4,0x0000003e
R,0x000001b8,0x00000000
R,0x000000f8,0x0000003f
R,0x000001e0,0x00000000
R,0x000000fc,0x00000040
R,0x00000208,0x00000000
R,0x00000100,0x00000041
R,0x00000230,0x00000000
R,0x00000104,0x00000042
R,0x00000258,0x00000000
R,0x00000108,0x00000043
R,0x00000280,0x00000000
R,0x0000010c,0x00000044
R,0x000002a8,0x00000000
R,0x00000110,0x00000045
R,0x000002d0,0x00000000
R,0x00000114,0x00000046
R,0x000002f8,0x00000000
W,0x00000410,0x0000003d
R,0x000000f0,0x0000003d
R,0x00000194,0x00000000
R,0x000000f4,0x0000003e
R,0x000001bc,0x00000001
R,0x000000f8,0x0000003f
R,0x000001e4,0x00000000
R,0x000000fc,0x00000040
R,0x0000020c,0x00000000
R,0x00000100,0x00000041
R,0x00000234,0x00000000
R,0x00000104,0x00000042
R,0x0000025c,0x00000000
R,0x00000108,0x00000043
R,0x00000284,0x00000000
R,0x0000010c,0x00000044
R,0x000002ac,0x00000000
R,0x00000110,0x00000045
R,0x000002d4,0x00000000
R,0x00000114,0x00000046
R,0x000002fc,0x00000000
W,0x00000414,0x0000003e
R,0x000000f0,0x0000003d
R,0x00000198,0x00000000
R,0x000000f4,0x0000003e
R,0x000001c0,0x00000000
R,0x000000f8,0x0000003f
R,0x000001e8,0x00000001
R,0x000000fc,0x00000040
R,0x00000210,0x00000000
R,0x00000100,0x00000041
R,0x00000238,0x00000000
R,0x00000104,0x00000042
R,0x00000260,0x00000000
R,0x00000108,0x00000043
R,0x00000288,0x00000000
R,0x0000010c,0x00000044
R,0x000002b0,0x00000000
R,0x00000110,0x00000045
R,0x000002d8,0x00000000
R,0x00000114,0x00000046
R,0x00000300,0x00000000
W,0x00000418,0x0000003f
R,0x000000f0,0x0000003d
R,0x0000019c,0x00000000
R,0x000000f4,0x0000003e
R,0x000001c4,0x00000000
R,0x000000f8,0x0000003f
R,0x000001ec,0x00000000
R,0x000000fc,0x00000040
R,0x00000214,0x00000001
R,0x00000100,0x00000041
R,0x0000023c,0x00000000
R,0x00000104,0x00000042
R,0x00000264,0x00000000
R,0x00000108,0x00000043
R,0x0000028c,0x00000000
R,0x0000010c,0x00000044
R,0x000002b4,0x00000000
R,0x00000110,0x00000045
R,0x000002dc,0x00000000
R,0x00000114,0x00000046
R,0x00000304,0x00000000
W,0x0000041c,0x00000040
R,0x000000f0,0x0000003d
R,0x000001a0,0x00000000
R,0x000000f4,0x0000003e
R,0x000001c8,0x00000000
R,0x000000f8,0x0000003f
R,0x000001f0,0x00000000
R,0x000000fc,0x00000040
R,0x00000218,0x00000000
R,0x00000100,0x00000041
R,0x00000240,0x00000001
R,0x00000104,0x00000042
R,0x00000268,0x00000000
R,0x00000108,0x00000043
R,0x00000290,0x00000000
R,0x0000010c,0x00000044
R,0x000002b8,0x00000000
R,0x00000110,0x00000045
R,0x000002e0,0x00000000
R,0x00000114,0x00000046
R,0x00000308,0x00000000
W,0x00000420,0x00000041
R,0x000000f0,0x0000003d
R,0x000001a4,0x00000000
R,0x000000f4,0x0000003e
R,0x000001cc,0x00000000
R,0x000000f8,0x0000003f
R,0x000001f4,0x00000000
R,0x000000fc,0x00000040
R,0x0000021c,0x00000000
R,0x00000100,0x00000041
R,0x00000244,0x00000000
R,0x00000104,0x00000042
R,0x0000026c,0x00000001
R,0x00000108,0x00000043
R,0x00000294,0x00000000
R,0x0000010c,0x00000044
R,0x000002bc,0x00000000
R,0x00000110,0x00000045
R,0x000002e4,0x00000000
R,0x00000114,0x00000046
R,0x0000030c,0x00000000
W,0x00000424,0x00000042
R,0x000000f0,0x0000003d
R,0x000001a8,0x00000000
R,0x000000f4,0x0000003e
R,0x000001d0,0x00000000
R,0x000000f8,0x0000003f
R,0x000001f8,0x00000000
R,0x000000fc,0x00000040
R,0x00000220,0x00000000
R,0x00000100,0x00000041
R,0x00000248,0x00000000
R,0x00000104,0x00000042
R,0x00000270,0x00000000
R,0x00000108,0x00000043
R,0x00000298,0x00000001
R,0x0000010c,0x00000044
R,0x000002c0,0x00000000
R,0x00000110,0x00000045
R,0x000002e8,0x00000000
R,0x00000114,0x00000046
R,0x00000310,0x00000000
W,0x00000428,0x00000043
R,0x000000f0,0x0000003d
R,0x000001ac,0x00000000
R,0x000000f4,0x0000003e
R,0x000001d4,0x00000000
R,0x000000f8,0x0000003f
R,0x000001fc,0x00000000
R,0x000000fc,0x00000040
R,0x00000224,0x00000000
R,0x00000100,0x00000041
R,0x0000024c,0x00000000
R,0x00000104,0x00000042
R,0x00000274,0x00000000
R,0x00000108,0x00000043
R,0x0000029c,0x00000000
R,0x0000010c,0x00000044
R,0x000002c4,0x00000001
R,0x00000110,0x00000045
R,0x000002ec,0x00000000
R,0x00000114,0x00000046
R,0x00000314,0x00000000
W,0x0000042c,0x00000044
R,0x000000f0,0x0000003d
R,0x000001b0,0x00000000
R,0x000000f4,0x0000003e
R,0x000001d8,0x00000000
R,0x000000f8,0x0000003f
R,0x00000200,0x00000000
R,0x000000fc,0x00000040
R,0x00000228,0x00000000
R,0x00000100,0x00000041
R,0x00000250,0x00000000
R,0x00000104,0x00000042
R,0x00000278,0x00000000
R,0x00000108,0x00000043
R,0x000002a0,0x00000000
R,0x0000010c,0x00000044
R,0x000002c8,0x00000000
R,0x00000110,0x00000045
R,0x000002f0,0x00000001
R,0x00000114,0x00000046
R,0x00000318,0x00000000
W,0x00000430,0x00000045
R,0x000000f0,0x0000003d
R,0x000001b4,0x00000000
R,0x000000f4,0x0000003e
R,0x000001dc,0x00000000
R,0x000000f8,0x0000003f
R,0x00000204,0x00000000
R,0x000000fc,0x00000040
R,0x0000022c,0x00000000
R,0x00000100,0x00000041
R,0x00000254,0x00000000
R,0x00000104,0x00000042
R,0x0000027c,0x00000000
R,0x00000108,0x00000043
R,0x000002a4,0x00000000
R,0x0000010c,0x00000044
R,0x000002cc,0x00000000
R,0x00000110,0x00000045
R,0x000002f4,0x00000000
R,0x00000114,0x00000046
R,0x0000031c,0x00000001
W,0x00000434,0x00000046
R,0x00000118,0x00000047
R,0x00000190,0x00000001
R,0x0000011c,0x00000048
R,0x000001b8,0x00000000
R,0x00000120,0x00000049
R,0x000001e0,0x00000000
R,0x00000124,0x0000004a
R,0x00000208,0x00000000
R,0x00000128,0x0000004b
R,0x00000230,0x00000000
R,0x0000012c,0x0000004c
R,0x00000258,0x00000000
R,0x00000130,0x0000004d
R,0x00000280,0x00000000
R,0x00000134,0x0000004e
R,0x000002a8,0x00000000
R,0x00000138,0x0000004f
R,0x000002d0,0x00000000
R,0x0000013c,0x00000050
R,0x000002f8,0x00000000
W,0x00000438,0x00000047
R,0x00000118,0x00000047
R,0x00000194,0x00000000
R,0x0000011c,0x00000048
R,0x000001bc,0x00000001
R,0x00000120,0x00000049
R,0x000001e4,0x00000000
R,0x00000124,0x0000004a
R,0x0000020c,0x00000000
R,0x00000128,0x0000004b
R,0x00000234,0x00000000
R,0x0000012c,0x0000004c
R,0x0000025c,0x00000000
R,0x00000130,0x0000004d
R,0x00000284,0x00000000
R,0x00000134,0x0000004e
R,0x000002ac,0x00000000
R,0x00000138,0x0000004f
R,0x000002d4,0x00000000
R,0x0000013c,0x00000050
R,0x000002fc,0x00000000
W,0x0000043c,0x00000048
R,0x00000118,0x00000047
R,0x00000198,0x00000000
R,0x0000011c,0x00000048
R,0x000001c0,0x00000000
R,0x00000120,0x00000049
R,0x000001e8,0x00000001
R,0x00000124,0x0000004a
R,0x00000210,0x00000000
R,0x00000128,0x0000004b
R,0x00000238,0x00000000
R,0x0000012c,0x0000004c
R,0x00000260,0x00000000
R,0x00000130,0x0000004d
R,0x00000288,0x00000000
R,0x00000134,0x0000004e
R,0x000002b0,0x00000000
R,0x00000138,0x0000004f
R,0x000002d8,0x00000000
R,0x0000013c,0x00000050
R,0x00000300,0x00000000
W,0x00000440,0x00000049
R,0x00000118,0x00000047
R,0x0000019c,0x00000000
R,0x0000011c,0x00000048
R,0x000001c4,0x00000000
R,0x00000120,0x00000049
R,0x000001ec,0x00000000
R,0x00000124,0x0000004a
R,0x00000214,0x00000001
R,0x00000128,0x0000004b
R,0x0000023c,0x00000000
R,0x0000012c,0x0000004c
R,0x00000264,0x00000000
R,0x00000130,0x0000004d
R,0x0000028c,0x00000000
R,0x00000134,0x0000004e
R,0x000002b4,0x00000000
R,0x00000138,0x0000004f
R,0x000002dc,0x00000000
R,0x0000013c,0x00000050
R,0x00000304,0x00000000
W,0x00000444,0x0000004a
R,0x00000118,0x00000047
R,0x000001a0,0x00000000
R,0x0000011c,0x00000048
R,0x000001c8,0x00000000
R,0x00000120,0x00000049
R,0x000001f0,0x00000000
R,0x00000124,0x0000004a
R,0x00000218,0x00000000
R,0x00000128,0x0000004b
R,0x00000240,0x00000001
R,0x0000012c,0x0000004c
R,0x00000268,0x00000000
R,0x00000130,0x0000004d
R,0x00000290,0x00000000
R,0x00000134,0x0000004e
R,0x000002b8,0x00000000
R,0x00000138,0x0000004f
R,0x000002e0,0x00000000
R,0x0000013c,0x00000050
R,0x00000308,0x00000000
W,0x00000448,0x0000004b
R,0x00000118,0x00000047
R,0x000001a4,0x00000000
R,0x0000011c,0x00000048
R,0x000001cc,0x00000000
R,0x00000120,0x00000049
R,0x000001f4,0x00000000
R,0x00000124,0x0000004a
R,0x0000021c,0x00000000
R,0x00000128,0x0000004b
R,0x00000244,0x00000000
R,0x0000012c,0x0000004c
R,0x0000026c,0x00000001
R,0x00000130,0x0000004d
R,0x00000294,0x00000000
R,0x00000134,0x0000004e
R,0x000002bc,0x00000000
R,0x00000138,0x0000004f
R,0x000002e4,0x00000000
R,0x0000013c,0x00000050
R,0x0000030c,0x00000000
W,0x0000044c,0x0000004c
R,0x00000118,0x00000047
R,0x000001a8,0x00000000
R,0x0000011c,0x00000048
R,0x000001d0,0x00000000
R,0x00000120,0x00000049
R,0x000001f8,0x00000000
R,0x00000124,0x0000004a
R,0x00000220,0x00000000
R,0x00000128,0x0000004b
R,0x00000248,0x00000000
R,0x0000012c,0x0000004c
R,0x00000270,0x00000000
R,0x00000130,0x0000004d
R,0x00000298,0x00000001
R,0x00000134,0x0000004e
R,0x000002c0,0x00000000
R,0x00000138,0x0000004f
R,0x000002e8,0x00000000
R,0x0000013c,0x00000050
R,0x00000310,0x00000000
W,0x00000450,0x0000004d
R,0x00000118,0x00000047
R,0x000001ac,0x00000000
R,0x0000011c,0x00000048
R,0x000001d4,0x00000000
R,0x00000120,0x00000049
R,0x000001fc,0x00000000
R,0x00000124,0x0000004a
R,0x00000224,0x00000000
R,0x00000128,0x0000004b
R,0x0000024c,0x00000000
R,0x0000012c,0x0000004c
R,0x00000274,0x00000000
R,0x00000130,0x0000004d
R,0x0000029c,0x00000000
R,0x00000134,0x0000004e
R,0x000002c4,0x00000001
R,0x00000138,0x0000004f
R,0x000002ec,0x00000000
R,0x0000013c,0x00000050
R,0x00000314,0x00000000
W,0x00000454,0x0000004e
R,0x00000118,0x00000047
R,0x000001b0,0x00000000
R,0x0000011c,0x00000048
R,0x000001d8,0x00000000
R,0x00000120,0x00000049
R,0x00000200,0x00000000
R,0x00000124,0x0000004a
R,0x00000228,0x00000000
R,0x00000128,0x0000004b
R,0x00000250,0x00000000
R,0x0000012c,0x0000004c
R,0x00000278,0x00000000
R,0x00000130,0x0000004d
R,0x000002a0,0x00000000
R,0x00000134,0x0000004e
R,0x000002c8,0x00000000
R,0x00000138,0x0000004f
R,0x000002f0,0x00000001
R,0x0000013c,0x00000050
R,0x00000318,0x00000000
W,0x00000458,0x0000004f
R,0x00000118,0x00000047
R,0x000001b4,0x00000000
R,0x0000011c,0x00000048
R,0x000001dc,0x00000000
R,0x00000120,0x00000049
R,0x00000204,0x00000000
R,0x00000124,0x0000004a
R,0x0000022c,0x00000000
R,0x00000128,0x0000004b
R,0x00000254,0x00000000
R,0x0000012c,0x0000004c
R,0x0000027c,0x00000000
R,0x00000130,0x0000004d
R,0x000002a4,0x00000000
R,0x00000134,0x0000004e
R,0x000002cc,0x00000000
R,0x00000138,0x0000004f
R,0x000002f4,0x00000000
R,0x0000013c,0x00000050
R,0x0000031c,0x00000001
W,0x0000045c,0x00000050
R,0x00000140,0x00000051
R,0x00000190,0x00000001
R,0x00000144,0x00000052
R,0x000001b8,0x00000000
R,0x00000148,0x00000053
R,0x000001e0,0x00000000
R,0x0000014c,0x00000054
R,0x00000208,0x00000000
R,0x00000150,0x00000055
R,0x00000230,0x00000000
R,0x00000154,0x00000056
R,0x00000258,0x00000000
R,0x00000158,0x00000057
R,0x00000280,0x00000000
R,0x0000015c,0x00000058
R,0x000002a8,0x00000000
R,0x00000160,0x00000059
R,0x000002d0,0x00000000
R,0x00000164,0x0000005a
R,0x000002f8,0x00000000
W,0x00000460,0x00000051
R,0x00000140,0x00000051
R,0x00000194,0x00000000
R,0x00000144,0x00000052
R,0x000001bc,0x00000001
R,0x00000148,0x00000053
R,0x000001e4,0x00000000
R,0x0000014c,0x00000054
R,0x0000020c,0x00000000
R,0x00000150,0x00000055
R,0x00000234,0x00000000
R,0x00000154,0x00000056
R,0x0000025c,0x00000000
R,0x00000158,0x00000057
R,0x00000284,0x00000000
R,0x0000015c,0x00000058
R,0x000002ac,0x00000000
R,0x00000160,0x00000059
R,0x000002d4,0x00000000
R,0x00000164,0x0000005a
R,0x000002fc,0x00000000
W,0x00000464,0x00000052
R,0x00000140,0x00000051
R,0x00000198,0x00000000
R,0x00000144,0x00000052
R,0x000001c0,0x00000000
R,0x00000148,0x00000053
R,0x000001e8,0x00000001
R,0x0000014c,0x00000054
R,0x00000210,0x00000000
R,0x00000150,0x00000055
R,0x00000238,0x00000000
R,0x00000154,0x00000056
R,0x00000260,0x00000000
R,0x00000158,0x00000057
R,0x00000288,0x00000000
R,0x0000015c,0x00000058
R,0x000002b0,0x00000000
R,0x00000160,0x00000059
R,0x000002d8,0x00000000
R,0x00000164,0x0000005a
R,0x00000300,0x00000000
W,0x00000468,0x00000053
R,0x00000140,0x00000051
R,0x0000019c,0x00000000
R,0x00000144,0x00000052
R,0x000001c4,0x00000000
R,0x00000148,0x00000053
R,0x000001ec,0x00000000
R,0x0000014c,0x00000054
R,0x00000214,0x00000001
R,0x00000150,0x00000055
R,0x0000023c,0x00000000
R,0x00000154,0x00000056
R,0x00000264,0x00000000
R,0x00000158,0x00000057
R,0x0000028c,0x00000000
R,0x0000015c,0x00000058
R,0x000002b4,0x00000000
R,0x00000160,0x00000059
R,0x000002dc,0x00000000
R,0x00000164,0x0000005a
R,0x00000304,0x00000000
W,0x0000046c,0x00000054
R,0x00000140,0x00000051
R,0x000001a0,0x00000000
R,0x00000144,0x00000052
R,0x000001c8,0x00000000
R,0x00000148,0x00000053
R,0x000001f0,0x00000000
R,0x0000014c,0x00000054
R,0x00000218,0x00000000
R,0x00000150,0x00000055
R,0x00000240,0x00000001
R,0x00000154,0x00000056
R,0x00000268,0x00000000
R,0x00000158,0x00000057
R,0x00000290,0x00000000
R,0x0000015c,0x00000058
R,0x000002b8,0x00000000
R,0x00000160,0x00000059
R,0x000002e0,0x00000000
R,0x00000164,0x0000005a
R,0x00000308,0x00000000
W,0x00000470,0x00000055
R,0x00000140,0x00000051
R,0x000001a4,0x00000000
R,0x00000144,0x00000052
R,0x000001cc,0x00000000
R,0x00000148,0x00000053
R,0x000001f4,0x00000000
R,0x0000014c,0x00000054
R,0x0000021c,0x00000000
R,0x00000150,0x00000055
R,0x00000244,0x00000000
R,0x00000154,0x00000056
R,0x0000026c,0x00000001
R,0x00000158,0x00000057
R,0x00000294,0x00000000
R,0x0000015c,0x00000058
R,0x000002bc,0x00000000
R,0x00000160,0x00000059
R,0x000002e4,0x00000000
R,0x00000164,0x0000005a
R,0x0000030c,0x00000000
W,0x00000474,0x00000056
R,0x00000140,0x00000051
R,0x000001a8,0x00000000
R,0x00000144,0x00000052
R,0x000001d0,0x00000000
R,0x00000148,0x00000053
R,0x000001f8,0x00000000
R,0x0000014c,0x00000054
R,0x00000220,0x00000000
R,0x00000150,0x00000055
R,0x00000248,0x00000000
R,0x00000154,0x00000056
R,0x00000270,0x00000000
R,0x00000158,0x00000057
R,0x00000298,0x00000001
R,0x0000015c,0x00000058
R,0x000002c0,0x00000000
R,0x00000160,0x00000059
R,0x000002e8,0x00000000
R,0x00000164,0x0000005a
R,0x00000310,0x00000000
W,0x00000478,0x00000057
R,0x00000140,0x00000051
R,0x000001ac,0x00000000
R,0x00000144,0x00000052
R,0x000001d4,0x00000000
R,0x00000148,0x00000053
R,0x000001fc,0x00000000
R,0x0000014c,0x00000054
R,0x00000224,0x00000000
R,0x00000150,0x00000055
R,0x0000024c,0x00000000
R,0x00000154,0x00000056
R,0x00000274,0x00000000
R,0x00000158,0x00000057
R,0x0000029c,0x00000000
R,0x0000015c,0x00000058
R,0x000002c4,0x00000001
R,0x00000160,0x00000059
R,0x000002ec,0x00000000
R,0x00000164,0x0000005a
R,0x00000314,0x00000000
W,0x0000047c,0x00000058
R,0x00000140,0x00000051
R,0x000001b0,0x00000000
R,0x00000144,0x00000052
R,0x000001d8,0x00000000
R,0x00000148,0x00000053
R,0x00000200,0x00000000
R,0x0000014c,0x00000054
R,0x00000228,0x00000000
R,0x00000150,0x00000055
R,0x00000250,0x00000000
R,0x00000154,0x00000056
R,0x00000278,0x00000000
R,0x00000158,0x00000057
R,0x000002a0,0x00000000
R,0x0000015c,0x00000058
R,0x000002c8,0x00000000
R,0x00000160,0x00000059
R,0x000002f0,0x00000001
R,0x00000164,0x0000005a
R,0x00000318,0x00000000
W,0x00000480,0x00000059
R,0x00000140,0x00000051
R,0x000001b4,0x00000000
R,0x00000144,0x00000052
R,0x000001dc,0x00000000
R,0x00000148,0x00000053
R,0x00000204,0x00000000
R,0x0000014c,0x00000054
R,0x0000022c,0x00000000
R,0x00000150,0x00000055
R,0x00000254,0x00000000
R,0x00000154,0x00000056
R,0x0000027c,0x00000000
R,0x00000158,0x00000057
R,0x000002a4,0x00000000
R,0x0000015c,0x00000058
R,0x000002cc,0x00000000
R,0x00000160,0x00000059
R,0x000002f4,0x00000000
R,0x00000164,0x0000005a
R,0x0000031c,0x00000001
W,0x00000484,0x0000005a
R,0x00000168,0x0000005b
R,0x00000190,0x00000001
R,0x0000016c,0x0000005c
R,0x000001b8,0x00000000
R,0x00000170,0x0000005d
R,0x000001e0,0x00000000
R,0x00000174,0x0000005e
R,0x00000208,0x00000000
R,0x00000178,0x0000005f
R,0x00000230,0x00000000
R,0x0000017c,0x00000060
R,0x00000258,0x00000000
R,0x00000180,0x00000061
R,0x00000280,0x00000000
R,0x00000184,0x00000062
R,0x000002a8,0x00000000
R,0x00000188,0x00000063
R,0x000002d0,0x00000000
R,0x0000018c,0x00000064
R,0x000002f8,0x00000000
W,0x00000488,0x0000005b
R,0x00000168,0x0000005b
R,0x00000194,0x00000000
R,0x0000016c,0x0000005c
R,0x000001bc,0x00000001
R,0x00000170,0x0000005d
R,0x000001e4,0x00000000
R,0x00000174,0x0000005e
R,0x0000020c,0x00000000
R,0x00000178,0x0000005f
R,0x00000234,0x00000000
R,0x0000017c,0x00000060
R,0x0000025c,0x00000000
R,0x00000180,0x00000061
R,0x00000284,0x00000000
R,0x00000184,0x00000062
R,0x000002ac,0x00000000
R,0x00000188,0x00000063
R,0x000002d4,0x00000000
R,0x0000018c,0x00000064
R,0x000002fc,0x00000000
W,0x0000048c,0x0000005c
R,0x00000168,0x0000005b
R,0x00000198,0x00000000
R,0x0000016c,0x0000005c
R,0x000001c0,0x00000000
R,0x00000170,0x0000005d
R,0x000001e8,0x00000001
R,0x00000174,0x0000005e
R,0x00000210,0x00000000
R,0x00000178,0x0000005f
R,0x00000238,0x00000000
R,0x0000017c,0x00000060
R,0x00000260,0x00000000
R,0x00000180,0x00000061
R,0x00000288,0x00000000
R,0x00000184,0x00000062
R,0x000002b0,0x00000000
R,0x00000188,0x00000063
R,0x000002d8,0x00000000
R,0x0000018c,0x00000064
R,0x00000300,0x00000000
W,0x00000490,0x0000005d
R,0x00000168,0x0000005b
R,0x0000019c,0x00000000
R,0x0000016c,0x0000005c
R,0x000001c4,0x00000000
R,0x00000170,0x0000005d
R,0x000001ec,0x00000000
R,0x00000174,0x0000005e
R,0x00000214,0x00000001
R,0x00000178,0x0000005f
R,0x0000023c,0x00000000
R,0x0000017c,0x00000060
R,0x00000264,0x00000000
R,0x00000180,0x00000061
R,0x0000028c,0x00000000
R,0x00000184,0x00000062
R,0x000002b4,0x00000000
R,0x00000188,0x00000063
R,0x000002dc,0x00000000
R,0x0000018c,0x00000064
R,0x00000304,0x00000000
W,0x00000494,0x0000005e
R,0x00000168,0x0000005b
R,0x000001a0,0x00000000
R,0x0000016c,0x0000005c
R,0x000001c8,0x00000000
R,0x00000170,0x0000005d
R,0x000001f0,0x00000000
R,0x00000174,0x0000005e
R,0x00000218,0x00000000
R,0x00000178,0x0000005f
R,0x00000240,0x00000001
R,0x0000017c,0x00000060
R,0x00000268,0x00000000
R,0x00000180,0x00000061
R,0x00000290,0x00000000
R,0x00000184,0x00000062
R,0x000002b8,0x00000000
R,0x00000188,0x00000063
R,0x000002e0,0x00000000
R,0x0000018c,0x00000064
R,0x00000308,0x00000000
W,0x00000498,0x0000005f
R,0x00000168,0x0000005b
R,0x000001a4,0x00000000
R,0x0000016c,0x0000005c
R,0x000001cc,0x00000000
R,0x00000170,0x0000005d
R,0x000001f4,0x00000000
R,0x00000174,0x0000005e
R,0x0000021c,0x00000000
R,0x00000178,0x0000005f
R,0x00000244,0x00000000
R,0x0000017c,0x00000060
R,0x0000026c,0x00000001
R,0x00000180,0x00000061
R,0x00000294,0x00000000
R,0x00000184,0x00000062
R,0x000002bc,0x00000000
R,0x00000188,0x00000063
R,0x000002e4,0x00000000
R,0x0000018c,0x00000064
R,0x0000030c,0x00000000
W,0x0000049c,0x00000060
R,0x00000168,0x0000005b
R,0x000001a8,0x00000000
R,0x0000016c,0x0000005c
R,0x000001d0,0x00000000
R,0x00000170,0x0000005d
R,0x000001f8,0x00000000
R,0x00000174,0x0000005e
R,0x00000220,0x00000000
R,0x00000178,0x0000005f
R,0x00000248,0x00000000
R,0x0000017c,0x00000060
R,0x00000270,0x00000000
R,0x00000180,0x00000061
R,0x00000298,0x00000001
R,0x00000184,0x00000062
R,0x000002c0,0x00000000
R,0x00000188,0x00000063
R,0x000002e8,0x00000000
R,0x0000018c,0x00000064
R,0x00000310,0x00000000
W,0x000004a0,0x00000061
R,0x00000168,0x0000005b
R,0x000001ac,0x00000000
R,0x0000016c,0x0000005c
R,0x000001d4,0x00000000
R,0x00000170,0x0000005d
R,0x000001fc,0x00000000
R,0x00000174,0x0000005e
R,0x00000224,0x00000000
R,0x00000178,0x0000005f
R,0x0000024c,0x00000000
R,0x0000017c,0x00000060
R,0x00000274,0x00000000
R,0x00000180,0x00000061
R,0x0000029c,0x00000000
R,0x00000184,0x00000062
R,0x000002c4,0x00000001
R,0x00000188,0x00000063
R,0x000002ec,0x00000000
R,0x0000018c,0x00000064
R,0x00000314,0x00000000
W,0x000004a4,0x00000062
R,0x00000168,0x0000005b
R,0x000001b0,0x00000000
R,0x0000016c,0x0000005c
R,0x000001d8,0x00000000
R,0x00000170,0x0000005d
R,0x00000200,0x00000000
R,0x00000174,0x0000005e
R,0x00000228,0x00000000
R,0x00000178,0x0000005f
R,0x00000250,0x00000000
R,0x0000017c,0x00000060
R,0x00000278,0x00000000
R,0x00000180,0x00000061
R,0x000002a0,0x00000000
R,0x00000184,0x00000062
R,0x000002c8,0x00000000
R,0x00000188,0x00000063
R,0x000002f0,0x00000001
R,0x0000018c,0x00000064
R,0x00000318,0x00000000
W,0x000004a8,0x00000063
R,0x00000168,0x0000005b
R,0x000001b4,0x00000000
R,0x0000016c,0x0000005c
R,0x000001dc,0x00000000
R,0x00000170,0x0000005d
R,0x00000204,0x00000000
R,0x00000174,0x0000005e
R,0x0000022c,0x00000000
R,0x00000178,0x0000005f
R,0x00000254,0x00000000
R,0x0000017c,0x00000060
R,0x0000027c,0x00000000
R,0x00000180,0x00000061
R,0x000002a4,0x00000000
R,0x00000184,0x00000062
R,0x000002cc,0x00000000
R,0x00000188,0x00000063
R,0x000002f4,0x00000000
R,0x0000018c,0x00000064
R,0x0000031c,0x00000001
W,0x000004ac,0x00000064
R,0x00000320,0x00000001
R,0x00000324,0x00000002
R,0x00000328,0x00000003
R,0x0000032c,0x00000004
R,0x00000330,0x00000005
R,0x00000334,0x00000006
R,0x00000338,0x00000007
R,0x0000033c,0x00000008
R,0x00000340,0x00000009
R,0x00000344,0x0000000a
R,0x00000348,0x0000000b
R,0x0000034c,0x0000000c
R,0x00000350,0x0000000d
R,0x00000354,0x0000000e
R,0x00000358,0x0000000f
R,0x0000035c,0x00000010
R,0x00000360,0x00000011
R,0x00000364,0x00000012
R,0x00000368,0x00000013
R,0x0000036c,0x00000014
R,0x00000370,0x00000015
R,0x00000374,0x00000016
R,0x00000378,0x00000017
R,0x0000037c,0x00000018
R,0x00000380,0x00000019
R,0x00000384,0x0000001a
R,0x00000388,0x0000001b
R,0x0000038c,0x0000001c
R,0x00000390,0x0000001d
R,0x00000394,0x0000001e
R,0x00000398,0x0000001f
R,0x0000039c,0x00000020
R,0x000003a0,0x00000021
R,0x000003a4,0x00000022
R,0x000003a8,0x00000023
R,0x000003ac,0x00000024
R,0x000003b0,0x00000025
R,0x000003b4,0x00000026
R,0x000003b8,0x00000027
R,0x000003bc,0x00000028
R,0x000003c0,0x00000029
R,0x000003c4,0x0000002a
R,0x000003c8,0x0000002b
R,0x000003cc,0x0000002c
R,0x000003d0,0x0000002d
R,0x000003d4,0x0000002e
R,0x000003d8,0x0000002f
R,0x000003dc,0x00000030
R,0x000003e0,0x00000031
R,0x000003e4,0x00000032
R,0x000003e8,0x00000033
R,0x000003ec,0x00000034
R,0x000003f0,0x00000035
R,0x000003f4,0x00000036
R,0x000003f8,0x00000037
R,0x000003fc,0x00000038
R,0x00000400,0x00000039
R,0x00000404,0x0000003a
R,0x00000408,0x0000003b
R,0x0000040c,0x0000003c
R,0x00000410,0x0000003d
R,0x00000414,0x0000003e
R,0x00000418,0x0000003f
R,0x0000041c,0x00000040
R,0x00000420,0x00000041
R,0x00000424,0x00000042
R,0x00000428,0x00000043
R,0x0000042c,0x00000044
R,0x00000430,0x00000045
R,0x00000434,0x00000046
R,0x00000438,0x00000047
R,0x0000043c,0x00000048
R,0x00000440,0x00000049
R,0x00000444,0x0000004a
R,0x00000448,0x0000004b
R,0x0000044c,0x0000004c
R,0x00000450,0x0000004d
R,0x00000454,0x0000004e
R,0x00000458,0x0000004f
R,0x0000045c,0x00000050
R,0x00000460,0x00000051
R,0x00000464,0x00000052
R,0x00000468,0x00000053
R,0x0000046c,0x00000054
R,0x00000470,0x00000055
R,0x00000474,0x00000056
R,0x00000478,0x00000057
R,0x0000047c,0x00000058
R,0x00000480,0x00000059
R,0x00000484,0x0000005a
R,0x00000488,0x0000005b
R,0x0000048c,0x0000005c
R,0x00000490,0x0000005d
R,0x00000494,0x0000005e
R,0x00000498,0x0000005f
R,0x0000049c,0x00000060
R,0x000004a0,0x00000061
R,0x000004a4,0x00000062
R,0x000004a8,0x00000063
R,0x000004ac,0x00000064